<?xml version="1.0" encoding="UTF-8"?>
<project-private xmlns="http://www.netbeans.org/ns/project-private/1">
    <editor-bookmarks xmlns="http://www.netbeans.org/ns/editor-bookmarks/2" lastBookmarkId="0"/>
    <open-files xmlns="http://www.netbeans.org/ns/projectui-open-files/2">
        <group>
            <file>file:/C:/Users/Ning/Desktop/分布式系统/Week5/LoadBalancerService/src/java/com/servlet/RegisterServlet.java</file>
            <file>file:/C:/Users/Ning/Desktop/分布式系统/Week5/LoadBalancerService/src/java/com/service/LoadBlancer_RoundRobin.java</file>
            <file>file:/C:/Users/Ning/Desktop/分布式系统/Week5/LoadBalancerService/web/index.html</file>
            <file>file:/C:/Users/Ning/Desktop/分布式系统/Week5/LoadBalancerService/src/java/com/db/ClientDao.java</file>
            <file>file:/C:/Users/Ning/Desktop/分布式系统/Week5/LoadBalancerService/web/WEB-INF/web.xml</file>
            <file>file:/C:/Users/Ning/Desktop/分布式系统/Week5/LoadBalancerService/web/first.html</file>
            <file>file:/C:/Users/Ning/Desktop/分布式系统/Week5/LoadBalancerService/web/css/style.css</file>
        </group>
    </open-files>
</project-private>
